time,voltage,current,power
0:00:00,3.9,0.4999,1.949
0:00:10,3.9,0.4998,1.949
0:00:20,3.89,0.4998,1.944
0:00:30,3.89,0.4998,1.944
0:00:40,3.89,0.4998,1.944
0:00:50,3.88,0.4998,1.939
0:01:00,3.88,0.4998,1.939
0:01:11,3.88,0.4998,1.939
0:01:21,3.88,0.4998,1.939
0:01:31,3.88,0.4998,1.939
0:01:41,3.88,0.4998,1.939
0:01:51,3.88,0.4998,1.939
0:02:01,3.87,0.4998,1.934
0:02:11,3.87,0.4998,1.934
0:02:21,3.87,0.4998,1.934
0:02:32,3.87,0.4998,1.934
0:02:42,3.87,0.4998,1.934
0:02:52,3.87,0.4998,1.934
0:03:02,3.87,0.4998,1.934
0:03:12,3.87,0.4998,1.934
0:03:22,3.87,0.4998,1.934
0:03:32,3.87,0.4998,1.934
0:03:42,3.86,0.4997,1.928
0:03:53,3.86,0.4998,1.929
0:04:03,3.86,0.4998,1.929
0:04:13,3.86,0.4997,1.928
0:04:23,3.86,0.4997,1.928
0:04:33,3.86,0.4997,1.928
0:04:43,3.86,0.4997,1.928
0:04:53,3.86,0.4997,1.928
0:05:04,3.85,0.4997,1.923
0:05:14,3.84,0.4997,1.918
0:05:24,3.85,0.4997,1.923
0:05:34,3.86,0.4997,1.928
0:05:44,3.86,0.4997,1.928
0:05:54,3.86,0.4997,1.928
0:06:04,3.86,0.4997,1.928
0:06:14,3.86,0.4997,1.928
0:06:25,3.86,0.4997,1.928
0:06:35,3.85,0.4997,1.923
0:06:45,3.85,0.4997,1.923
0:06:55,3.85,0.4997,1.923
0:07:05,3.85,0.4997,1.923
0:07:15,3.85,0.4997,1.923
0:07:25,3.85,0.4997,1.923
0:07:35,3.85,0.4997,1.923
0:07:46,3.85,0.4997,1.923
0:07:56,3.85,0.4997,1.923
0:08:06,3.85,0.4997,1.923
0:08:16,3.85,0.4997,1.923
0:08:26,3.85,0.4997,1.923
0:08:36,3.85,0.4997,1.923
0:08:46,3.85,0.4997,1.923
0:08:56,3.85,0.4997,1.923
0:09:07,3.85,0.4997,1.923
0:09:17,3.85,0.4997,1.923
0:09:27,3.85,0.4997,1.923
0:09:37,3.85,0.4998,1.924
0:09:47,3.85,0.4999,1.924
0:09:57,3.85,0.4999,1.924
0:10:07,3.85,0.4999,1.924
0:10:17,3.85,0.4999,1.924
0:10:28,3.85,0.4999,1.924
0:10:38,3.85,0.4999,1.924
0:10:48,3.85,0.4999,1.924
0:10:58,3.85,0.4999,1.924
0:11:08,3.85,0.4999,1.924
0:11:18,3.84,0.4999,1.919
0:11:28,3.84,0.4999,1.919
0:11:38,3.84,0.4999,1.919
0:11:49,3.84,0.4999,1.919
0:11:59,3.84,0.4999,1.919
0:12:09,3.83,0.4999,1.914
0:12:19,3.84,0.5,1.92
0:12:29,3.84,0.5,1.92
0:12:39,3.84,0.5,1.92
0:12:49,3.84,0.5,1.92
0:13:00,3.84,0.5,1.92
0:13:10,3.84,0.4999,1.919
0:13:20,3.84,0.5,1.92
0:13:30,3.84,0.5,1.92
0:13:40,3.84,0.4999,1.919
0:13:50,3.83,0.5,1.915
0:14:00,3.83,0.5,1.915
0:14:10,3.83,0.5,1.915
0:14:21,3.83,0.5,1.915
0:14:31,3.83,0.5,1.915
0:14:41,3.83,0.4999,1.914
0:14:51,3.83,0.5,1.915
0:15:01,3.82,0.5,1.91
0:15:11,3.82,0.5,1.91
0:15:21,3.82,0.5,1.91
0:15:31,3.82,0.5,1.91
0:15:42,3.82,0.5,1.91
0:15:52,3.82,0.5,1.91
0:16:02,3.82,0.5,1.91
0:16:12,3.82,0.5,1.91
0:16:22,3.82,0.5,1.91
0:16:32,3.82,0.5,1.91
0:16:42,3.82,0.5,1.91
0:16:53,3.81,0.4999,1.904
0:17:03,3.81,0.5,1.905
0:17:13,3.81,0.5,1.905
0:17:23,3.81,0.5,1.905
0:17:33,3.81,0.5,1.905
0:17:43,3.8,0.5,1.9
0:17:53,3.8,0.5,1.9
0:18:03,3.82,0.4999,1.909
0:18:14,3.81,0.5,1.905
0:18:24,3.81,0.5,1.905
0:18:34,3.81,0.5,1.905
0:18:44,3.81,0.5,1.905
0:18:54,3.81,0.5,1.905
0:19:04,3.81,0.5,1.905
0:19:14,3.81,0.5,1.905
0:19:24,3.81,0.5,1.905
0:19:35,3.81,0.5,1.905
0:19:45,3.81,0.5,1.905
0:19:55,3.81,0.4999,1.904
0:20:05,3.8,0.5,1.9
0:20:15,3.8,0.5,1.9
0:20:25,3.8,0.5,1.9
0:20:35,3.8,0.5,1.9
0:20:45,3.8,0.4999,1.899
0:20:56,3.8,0.5,1.9
0:21:06,3.8,0.5,1.9
0:21:16,3.8,0.4999,1.899
0:21:26,3.8,0.5,1.9
0:21:36,3.8,0.5,1.9
0:21:46,3.8,0.5,1.9
0:21:56,3.8,0.4999,1.899
0:22:07,3.8,0.5,1.9
0:22:17,3.8,0.5,1.9
0:22:27,3.8,0.5,1.9
0:22:37,3.8,0.5,1.9
0:22:47,3.8,0.5,1.9
0:22:57,3.8,0.5,1.9
0:23:07,3.8,0.4999,1.899
0:23:17,3.8,0.5,1.9
0:23:28,3.79,0.4999,1.894
0:23:38,3.79,0.5,1.895
0:23:48,3.79,0.5,1.895
0:23:58,3.79,0.5,1.895
0:24:08,3.79,0.4999,1.894
0:24:18,3.79,0.5,1.895
0:24:28,3.79,0.5,1.895
0:24:39,3.79,0.4999,1.894
0:24:49,3.79,0.5,1.895
0:24:59,3.79,0.5,1.895
0:25:09,3.79,0.5,1.895
0:25:19,3.79,0.5,1.895
0:25:29,3.79,0.5,1.895
0:25:39,3.79,0.5,1.895
0:25:49,3.79,0.5,1.895
0:26:00,3.79,0.5,1.895
0:26:10,3.79,0.5,1.895
0:26:20,3.79,0.4999,1.894
0:26:30,3.79,0.5,1.895
0:26:40,3.79,0.5,1.895
0:26:50,3.78,0.5,1.89
0:27:00,3.78,0.5,1.89
0:27:10,3.78,0.4999,1.889
0:27:21,3.78,0.5,1.89
0:27:31,3.78,0.5,1.89
0:27:41,3.78,0.4999,1.889
0:27:51,3.78,0.5,1.89
0:28:01,3.78,0.5,1.89
0:28:11,3.78,0.4999,1.889
0:28:21,3.78,0.4999,1.889
0:28:31,3.78,0.4999,1.889
0:28:42,3.78,0.5,1.89
0:28:52,3.78,0.5,1.89
0:29:02,3.78,0.5,1.89
0:29:12,3.78,0.5,1.89
0:29:22,3.78,0.4999,1.889
0:29:32,3.78,0.5,1.89
0:29:42,3.78,0.4999,1.889
0:29:52,3.78,0.5,1.89
0:30:03,3.78,0.5,1.89
0:30:13,3.77,0.5,1.885
0:30:23,3.77,0.5,1.885
0:30:33,3.77,0.4999,1.884
0:30:43,3.77,0.5,1.885
0:30:53,3.77,0.5,1.885
0:31:03,3.77,0.4999,1.884
0:31:14,3.77,0.5,1.885
0:31:24,3.77,0.5,1.885
0:31:34,3.77,0.5,1.885
0:31:44,3.77,0.5,1.885
0:31:54,3.77,0.5,1.885
0:32:04,3.77,0.5,1.885
0:32:14,3.77,0.4999,1.884
0:32:24,3.77,0.5,1.885
0:32:35,3.77,0.5,1.885
0:32:45,3.77,0.5,1.885
0:32:55,3.77,0.5,1.885
0:33:05,3.77,0.5,1.885
0:33:15,3.77,0.4999,1.884
0:33:25,3.77,0.5,1.885
0:33:35,3.76,0.5,1.88
0:33:45,3.77,0.5,1.885
0:33:56,3.76,0.4999,1.879
0:34:06,3.76,0.4998,1.879
0:34:16,3.76,0.4999,1.879
0:34:26,3.76,0.4999,1.879
0:34:36,3.76,0.4999,1.879
0:34:46,3.76,0.4999,1.879
0:34:56,3.76,0.4999,1.879
0:35:07,3.76,0.4999,1.879
0:35:17,3.76,0.4999,1.879
0:35:27,3.76,0.4998,1.879
0:35:37,3.76,0.4999,1.879
0:35:47,3.76,0.4999,1.879
0:35:57,3.76,0.4998,1.879
0:36:07,3.76,0.4999,1.879
0:36:17,3.76,0.4999,1.879
0:36:28,3.76,0.4999,1.879
0:36:38,3.76,0.4998,1.879
0:36:48,3.76,0.4999,1.879
0:36:58,3.76,0.4999,1.879
0:37:08,3.76,0.4999,1.879
0:37:18,3.75,0.4999,1.874
0:37:28,3.75,0.4999,1.874
0:37:38,3.75,0.4998,1.874
0:37:49,3.75,0.4999,1.874
0:37:59,3.75,0.4998,1.874
0:38:09,3.75,0.4999,1.874
0:38:19,3.75,0.4999,1.874
0:38:29,3.75,0.4999,1.874
0:38:39,3.75,0.4999,1.874
0:38:49,3.75,0.4999,1.874
0:38:59,3.75,0.4999,1.874
0:39:10,3.75,0.4999,1.874
0:39:20,3.75,0.4999,1.874
0:39:30,3.75,0.4999,1.874
0:39:40,3.75,0.4999,1.874
0:39:50,3.75,0.4999,1.874
0:40:00,3.75,0.4999,1.874
0:40:10,3.74,0.4999,1.869
0:40:20,3.75,0.4999,1.874
0:40:31,3.74,0.4999,1.869
0:40:41,3.74,0.4999,1.869
0:40:51,3.74,0.4999,1.869
0:41:01,3.74,0.4999,1.869
0:41:11,3.74,0.4999,1.869
0:41:21,3.74,0.4998,1.869
0:41:31,3.74,0.4999,1.869
0:41:42,3.74,0.4999,1.869
0:41:52,3.74,0.4999,1.869
0:42:02,3.74,0.4999,1.869
0:42:12,3.74,0.4999,1.869
0:42:22,3.74,0.4999,1.869
0:42:32,3.74,0.4999,1.869
0:42:42,3.74,0.4999,1.869
0:42:52,3.74,0.4999,1.869
0:43:03,3.74,0.4998,1.869
0:43:13,3.74,0.4999,1.869
0:43:23,3.74,0.4998,1.869
0:43:33,3.74,0.4999,1.869
0:43:43,3.74,0.4999,1.869
0:43:53,3.74,0.4998,1.869
0:44:03,3.73,0.4999,1.864
0:44:13,3.73,0.4999,1.864
0:44:24,3.73,0.4999,1.864
0:44:34,3.73,0.4998,1.864
0:44:44,3.73,0.4998,1.864
0:44:54,3.73,0.4998,1.864
0:45:04,3.73,0.4998,1.864
0:45:14,3.73,0.4999,1.864
0:45:24,3.73,0.4998,1.864
0:45:34,3.73,0.4999,1.864
0:45:45,3.73,0.4999,1.864
0:45:55,3.72,0.5,1.86
0:46:05,3.73,0.4999,1.864
0:46:15,3.72,0.4999,1.859
0:46:25,3.72,0.5,1.86
0:46:35,3.72,0.5,1.86
0:46:45,3.72,0.4999,1.859
0:46:55,3.72,0.4999,1.859
0:47:06,3.72,0.5,1.86
0:47:16,3.72,0.5,1.86
0:47:26,3.72,0.5,1.86
0:47:36,3.72,0.5,1.86
0:47:46,3.72,0.5,1.86
0:47:56,3.72,0.4999,1.859
0:48:06,3.72,0.5,1.86
0:48:16,3.72,0.4999,1.859
0:48:27,3.72,0.5,1.86
0:48:37,3.72,0.5,1.86
0:48:47,3.72,0.5,1.86
0:48:57,3.72,0.5,1.86
0:49:07,3.72,0.5,1.86
0:49:17,3.71,0.5,1.855
0:49:27,3.71,0.5,1.855
0:49:38,3.71,0.5,1.855
0:49:48,3.71,0.5,1.855
0:49:58,3.71,0.5,1.855
0:50:08,3.71,0.5,1.855
0:50:18,3.71,0.5,1.855
0:50:28,3.71,0.5,1.855
0:50:38,3.71,0.5,1.855
0:50:48,3.71,0.5,1.855
0:50:59,3.71,0.5,1.855
0:51:09,3.71,0.4999,1.854
0:51:19,3.71,0.4999,1.854
0:51:29,3.71,0.5,1.855
0:51:39,3.71,0.5,1.855
0:51:49,3.71,0.4999,1.854
0:51:59,3.71,0.4999,1.854
0:52:09,3.71,0.5,1.855
0:52:20,3.71,0.5,1.855
0:52:30,3.71,0.5,1.855
0:52:40,3.71,0.5,1.855
0:52:50,3.71,0.5,1.855
0:53:00,3.71,0.5,1.855
0:53:10,3.71,0.4999,1.854
0:53:20,3.71,0.4999,1.854
0:53:30,3.7,0.5,1.85
0:53:41,3.7,0.5,1.85
0:53:51,3.7,0.5,1.85
0:54:01,3.7,0.5,1.85
0:54:11,3.7,0.5,1.85
0:54:21,3.7,0.5,1.85
0:54:31,3.7,0.5,1.85
0:54:41,3.7,0.5,1.85
0:54:51,3.7,0.5,1.85
0:55:02,3.7,0.5,1.85
0:55:12,3.7,0.4999,1.849
0:55:22,3.7,0.5,1.85
0:55:32,3.7,0.5,1.85
0:55:42,3.7,0.5,1.85
0:55:52,3.7,0.5,1.85
0:56:02,3.7,0.5,1.85
0:56:13,3.7,0.5,1.85
0:56:23,3.7,0.4999,1.849
0:56:33,3.7,0.4999,1.849
0:56:43,3.7,0.5,1.85
0:56:53,3.69,0.4999,1.844
0:57:03,3.69,0.5,1.845
0:57:13,3.69,0.5,1.845
0:57:23,3.69,0.5,1.845
0:57:34,3.69,0.4999,1.844
0:57:44,3.69,0.4999,1.844
0:57:54,3.69,0.5,1.845
0:58:04,3.69,0.5,1.845
0:58:14,3.69,0.5,1.845
0:58:24,3.69,0.5,1.845
0:58:34,3.69,0.5,1.845
0:58:44,3.69,0.4999,1.844
0:58:55,3.69,0.5,1.845
0:59:05,3.69,0.4999,1.844
0:59:15,3.69,0.5,1.845
0:59:25,3.69,0.5,1.845
0:59:35,3.69,0.5,1.845
0:59:45,3.69,0.5,1.845
0:59:55,3.69,0.4999,1.844
1:00:05,3.69,0.5,1.845
1:00:16,3.69,0.4999,1.844
1:00:26,3.69,0.5,1.845
1:00:36,3.69,0.4999,1.844
1:00:46,3.69,0.5,1.845
1:00:56,3.69,0.5,1.845
1:01:06,3.69,0.5,1.845
1:01:16,3.69,0.5,1.845
1:01:27,3.69,0.4999,1.844
1:01:37,3.69,0.5,1.845
1:01:47,3.69,0.5,1.845
1:01:57,3.68,0.5,1.84
1:02:07,3.68,0.4999,1.839
1:02:17,3.68,0.5,1.84
1:02:27,3.68,0.5,1.84
1:02:37,3.68,0.5,1.84
1:02:48,3.68,0.5,1.84
1:02:58,3.68,0.4999,1.839
1:03:08,3.68,0.5,1.84
1:03:18,3.68,0.5,1.84
1:03:28,3.68,0.5,1.84
1:03:38,3.68,0.5,1.84
1:03:48,3.68,0.5,1.84
1:03:58,3.68,0.5,1.84
1:04:09,3.68,0.5,1.84
1:04:19,3.68,0.5,1.84
1:04:29,3.68,0.4999,1.839
1:04:39,3.68,0.5,1.84
1:04:49,3.68,0.4999,1.839
1:04:59,3.68,0.4999,1.839
1:05:09,3.68,0.5,1.84
1:05:19,3.68,0.5,1.84
1:05:30,3.68,0.5,1.84
1:05:40,3.67,0.5,1.835
1:05:50,3.67,0.5,1.835
1:06:00,3.67,0.5,1.835
1:06:10,3.67,0.5,1.835
1:06:20,3.67,0.4999,1.834
1:06:30,3.67,0.5,1.835
1:06:40,3.67,0.5,1.835
1:06:51,3.67,0.4999,1.834
1:07:01,3.67,0.4999,1.834
1:07:11,3.67,0.5,1.835
1:07:21,3.67,0.5,1.835
1:07:31,3.67,0.5,1.835
1:07:41,3.67,0.5,1.835
1:07:51,3.67,0.4999,1.834
1:08:02,3.67,0.5,1.835
1:08:12,3.67,0.4999,1.834
1:08:22,3.67,0.5,1.835
1:08:32,3.67,0.5,1.835
1:08:42,3.67,0.5,1.835
1:08:52,3.67,0.5,1.835
1:09:02,3.67,0.5,1.835
1:09:12,3.67,0.5,1.835
1:09:23,3.66,0.4999,1.829
1:09:33,3.66,0.5,1.83
1:09:43,3.66,0.4999,1.829
1:09:53,3.66,0.5,1.83
1:10:03,3.66,0.4999,1.829
1:10:13,3.66,0.4999,1.829
1:10:23,3.66,0.5,1.83
1:10:33,3.66,0.5,1.83
1:10:44,3.66,0.5,1.83
1:10:54,3.66,0.5,1.83
1:11:04,3.66,0.4999,1.829
1:11:14,3.66,0.5,1.83
1:11:24,3.66,0.5,1.83
1:11:34,3.65,0.4999,1.824
1:11:44,3.65,0.4999,1.824
1:11:54,3.65,0.4999,1.824
1:12:05,3.65,0.5,1.825
1:12:15,3.65,0.4999,1.824
1:12:25,3.65,0.5,1.825
1:12:35,3.65,0.5,1.825
1:12:45,3.65,0.5,1.825
1:12:55,3.65,0.5,1.825
1:13:05,3.65,0.5,1.825
1:13:15,3.65,0.5,1.825
1:13:26,3.65,0.5,1.825
1:13:36,3.65,0.5,1.825
1:13:46,3.65,0.5,1.825
1:13:56,3.65,0.4999,1.824
1:14:06,3.65,0.5,1.825
1:14:16,3.65,0.5,1.825
1:14:26,3.65,0.5,1.825
1:14:36,3.65,0.5,1.825
1:14:47,3.65,0.5,1.825
1:14:57,3.65,0.5,1.825
1:15:07,3.65,0.5,1.825
1:15:17,3.65,0.5,1.825
1:15:27,3.65,0.4999,1.824
1:15:37,3.65,0.5,1.825
1:15:47,3.64,0.5,1.82
1:15:57,3.64,0.5,1.82
1:16:08,3.64,0.5,1.82
1:16:18,3.64,0.5,1.82
1:16:28,3.64,0.5,1.82
1:16:38,3.64,0.5,1.82
1:16:48,3.64,0.5,1.82
1:16:58,3.64,0.5,1.82
1:17:08,3.64,0.5,1.82
1:17:19,3.64,0.5,1.82
1:17:29,3.64,0.4999,1.819
1:17:39,3.64,0.4999,1.819
1:17:49,3.64,0.4999,1.819
1:17:59,3.64,0.5,1.82
1:18:09,3.64,0.5,1.82
1:18:19,3.64,0.5,1.82
1:18:29,3.64,0.4999,1.819
1:18:40,3.64,0.5,1.82
1:18:50,3.64,0.4999,1.819
1:19:00,3.64,0.5,1.82
1:19:10,3.64,0.5,1.82
1:19:20,3.64,0.5,1.82
1:19:30,3.64,0.5,1.82
1:19:40,3.64,0.5,1.82
1:19:50,3.64,0.4999,1.819
1:20:01,3.63,0.5,1.815
1:20:11,3.63,0.4999,1.814
1:20:21,3.64,0.4999,1.819
1:20:31,3.64,0.5,1.82
1:20:41,3.63,0.5,1.815
1:20:51,3.63,0.5,1.815
1:21:01,3.63,0.4999,1.814
1:21:11,3.63,0.5,1.815
1:21:22,3.63,0.4999,1.814
1:21:32,3.63,0.5,1.815
1:21:42,3.63,0.4999,1.814
1:21:52,3.63,0.5,1.815
1:22:02,3.63,0.4998,1.814
1:22:12,3.63,0.4999,1.814
1:22:22,3.63,0.4999,1.814
1:22:33,3.63,0.4998,1.814
1:22:43,3.63,0.4999,1.814
1:22:53,3.63,0.4998,1.814
1:23:03,3.63,0.4999,1.814
1:23:13,3.63,0.4999,1.814
1:23:23,3.63,0.4998,1.814
1:23:33,3.63,0.4999,1.814
1:23:43,3.63,0.4999,1.814
1:23:54,3.63,0.4998,1.814
1:24:04,3.63,0.4998,1.814
1:24:14,3.63,0.4998,1.814
1:24:24,3.63,0.4999,1.814
1:24:34,3.63,0.4999,1.814
1:24:44,3.63,0.4999,1.814
1:24:54,3.63,0.4998,1.814
1:25:04,3.63,0.4998,1.814
1:25:15,3.63,0.4999,1.814
1:25:25,3.63,0.4999,1.814
1:25:35,3.63,0.4999,1.814
1:25:45,3.62,0.4998,1.809
1:25:55,3.62,0.4998,1.809
1:26:05,3.62,0.4998,1.809
1:26:15,3.62,0.4999,1.809
1:26:25,3.62,0.4998,1.809
1:26:36,3.62,0.4998,1.809
1:26:46,3.62,0.4998,1.809
1:26:56,3.62,0.4999,1.809
1:27:06,3.62,0.4999,1.809
1:27:16,3.62,0.4999,1.809
1:27:26,3.62,0.4998,1.809
1:27:36,3.62,0.4998,1.809
1:27:46,3.62,0.4999,1.809
1:27:57,3.62,0.4999,1.809
1:28:07,3.62,0.4998,1.809
1:28:17,3.62,0.4999,1.809
1:28:27,3.62,0.4998,1.809
1:28:37,3.62,0.4998,1.809
1:28:47,3.62,0.4999,1.809
1:28:57,3.62,0.4998,1.809
1:29:08,3.62,0.4998,1.809
1:29:18,3.62,0.4999,1.809
1:29:28,3.62,0.4998,1.809
1:29:38,3.62,0.4998,1.809
1:29:48,3.61,0.4998,1.804
1:29:58,3.62,0.4999,1.809
1:30:08,3.61,0.4999,1.804
1:30:18,3.61,0.4998,1.804
1:30:29,3.61,0.4998,1.804
1:30:39,3.61,0.4999,1.804
1:30:49,3.61,0.4998,1.804
1:30:59,3.61,0.4998,1.804
1:31:09,3.61,0.4998,1.804
1:31:19,3.61,0.4998,1.804
1:31:29,3.61,0.4998,1.804
1:31:39,3.61,0.4998,1.804
1:31:50,3.61,0.4999,1.804
1:32:00,3.61,0.4999,1.804
1:32:10,3.61,0.4998,1.804
1:32:20,3.61,0.4999,1.804
1:32:30,3.61,0.4999,1.804
1:32:40,3.61,0.4998,1.804
1:32:50,3.61,0.4998,1.804
1:33:00,3.61,0.4999,1.804
1:33:11,3.61,0.4999,1.804
1:33:21,3.61,0.4999,1.804
1:33:31,3.61,0.4999,1.804
1:33:41,3.61,0.4999,1.804
1:33:51,3.61,0.4998,1.804
1:34:01,3.61,0.4998,1.804
1:34:11,3.61,0.4998,1.804
1:34:21,3.6,0.4998,1.799
1:34:32,3.6,0.4999,1.799
1:34:42,3.6,0.4998,1.799
1:34:52,3.6,0.4999,1.799
1:35:02,3.6,0.4998,1.799
1:35:12,3.6,0.4998,1.799
1:35:22,3.6,0.4999,1.799
1:35:32,3.6,0.4998,1.799
1:35:43,3.6,0.4998,1.799
1:35:53,3.6,0.4999,1.799
1:36:03,3.6,0.4998,1.799
1:36:13,3.6,0.4998,1.799
1:36:23,3.6,0.4999,1.799
1:36:33,3.6,0.4998,1.799
1:36:43,3.6,0.4999,1.799
1:36:53,3.6,0.4999,1.799
1:37:04,3.6,0.4998,1.799
1:37:14,3.59,0.4998,1.794
1:37:24,3.6,0.4998,1.799
1:37:34,3.6,0.4998,1.799
1:37:44,3.6,0.4999,1.799
1:37:54,3.59,0.4998,1.794
1:38:04,3.59,0.4999,1.794
1:38:14,3.59,0.4998,1.794
1:38:25,3.59,0.4999,1.794
1:38:35,3.59,0.4998,1.794
1:38:45,3.59,0.4998,1.794
1:38:55,3.59,0.4998,1.794
1:39:05,3.59,0.4998,1.794
1:39:15,3.59,0.4999,1.794
1:39:25,3.59,0.4999,1.794
1:39:35,3.59,0.4998,1.794
1:39:46,3.59,0.4999,1.794
1:39:56,3.59,0.4998,1.794
1:40:06,3.59,0.4999,1.794
1:40:16,3.59,0.4998,1.794
1:40:26,3.59,0.4998,1.794
1:40:36,3.59,0.4998,1.794
1:40:46,3.59,0.4999,1.794
1:40:56,3.59,0.4999,1.794
1:41:07,3.59,0.4999,1.794
1:41:17,3.59,0.4999,1.794
1:41:27,3.59,0.4999,1.794
1:41:37,3.59,0.4999,1.794
1:41:47,3.59,0.4998,1.794
1:41:57,3.59,0.4999,1.794
1:42:07,3.59,0.4999,1.794
1:42:17,3.59,0.4999,1.794
1:42:28,3.59,0.4998,1.794
1:42:38,3.59,0.4999,1.794
1:42:48,3.58,0.4999,1.789
1:42:58,3.58,0.4999,1.789
1:43:08,3.58,0.4998,1.789
1:43:18,3.58,0.4999,1.789
1:43:28,3.58,0.4999,1.789
1:43:39,3.58,0.4998,1.789
1:43:49,3.58,0.4999,1.789
1:43:59,3.58,0.4998,1.789
1:44:09,3.58,0.4998,1.789
1:44:19,3.58,0.4999,1.789
1:44:29,3.58,0.4998,1.789
1:44:39,3.58,0.4999,1.789
1:44:49,3.58,0.4999,1.789
1:45:00,3.58,0.4998,1.789
1:45:10,3.58,0.4999,1.789
1:45:20,3.58,0.4999,1.789
1:45:30,3.58,0.4999,1.789
1:45:40,3.58,0.4998,1.789
1:45:50,3.58,0.4998,1.789
1:46:00,3.58,0.4998,1.789
1:46:10,3.58,0.4999,1.789
1:46:21,3.58,0.4999,1.789
1:46:31,3.58,0.4999,1.789
1:46:41,3.58,0.5,1.79
1:46:51,3.58,0.4999,1.789
1:47:01,3.58,0.5,1.79
1:47:11,3.57,0.5,1.785
1:47:21,3.57,0.4999,1.784
1:47:31,3.57,0.4999,1.784
1:47:42,3.57,0.4999,1.784
1:47:52,3.57,0.4999,1.784
1:48:02,3.57,0.5,1.785
1:48:12,3.57,0.4999,1.784
1:48:22,3.57,0.4999,1.784
1:48:32,3.57,0.4999,1.784
1:48:42,3.57,0.5,1.785
1:48:52,3.57,0.4999,1.784
1:49:03,3.57,0.5,1.785
1:49:13,3.57,0.4999,1.784
1:49:23,3.57,0.5,1.785
1:49:33,3.57,0.5,1.785
1:49:43,3.57,0.4999,1.784
1:49:53,3.57,0.4999,1.784
1:50:03,3.57,0.4999,1.784
1:50:14,3.57,0.4999,1.784
1:50:24,3.57,0.5,1.785
1:50:34,3.57,0.4999,1.784
1:50:44,3.57,0.5,1.785
1:50:54,3.57,0.5,1.785
1:51:04,3.57,0.4999,1.784
1:51:14,3.57,0.5,1.785
1:51:24,3.57,0.5,1.785
1:51:35,3.57,0.5,1.785
1:51:45,3.57,0.5,1.785
1:51:55,3.57,0.5,1.785
1:52:05,3.56,0.4999,1.779
1:52:15,3.56,0.4999,1.779
1:52:25,3.57,0.5,1.785
1:52:35,3.56,0.5,1.78
1:52:45,3.56,0.4999,1.779
1:52:56,3.56,0.4999,1.779
1:53:06,3.56,0.4999,1.779
1:53:16,3.56,0.5,1.78
1:53:26,3.56,0.4999,1.779
1:53:36,3.56,0.4999,1.779
1:53:46,3.56,0.4999,1.779
1:53:56,3.56,0.4999,1.779
1:54:06,3.56,0.5,1.78
1:54:17,3.56,0.5,1.78
1:54:27,3.56,0.5,1.78
1:54:37,3.56,0.4999,1.779
1:54:47,3.56,0.4999,1.779
1:54:57,3.56,0.4999,1.779
1:55:07,3.56,0.5,1.78
1:55:17,3.56,0.5,1.78
1:55:27,3.56,0.4999,1.779
1:55:38,3.56,0.4999,1.779
1:55:48,3.56,0.5,1.78
1:55:58,3.56,0.5,1.78
1:56:08,3.56,0.5,1.78
1:56:18,3.56,0.4999,1.779
1:56:28,3.56,0.5,1.78
1:56:38,3.56,0.5,1.78
1:56:48,3.56,0.4999,1.779
1:56:59,3.56,0.5,1.78
1:57:09,3.56,0.4999,1.779
1:57:19,3.56,0.5,1.78
1:57:29,3.56,0.4999,1.779
1:57:39,3.55,0.5,1.775
1:57:49,3.56,0.5,1.78
1:57:59,3.56,0.5,1.78
1:58:10,3.55,0.5,1.775
1:58:20,3.55,0.5,1.775
1:58:30,3.55,0.4999,1.774
1:58:40,3.55,0.5,1.775
1:58:50,3.55,0.5,1.775
1:59:00,3.55,0.4999,1.774
1:59:10,3.55,0.4999,1.774
1:59:20,3.55,0.5,1.775
1:59:31,3.55,0.4999,1.774
1:59:41,3.55,0.4999,1.774
1:59:51,3.55,0.5,1.775
2:00:01,3.55,0.5,1.775
2:00:11,3.55,0.4999,1.774
2:00:21,3.55,0.5,1.775
2:00:31,3.55,0.5,1.775
2:00:41,3.55,0.4999,1.774
2:00:52,3.55,0.5,1.775
2:01:02,3.55,0.4999,1.774
2:01:12,3.55,0.5,1.775
2:01:22,3.55,0.5,1.775
2:01:32,3.55,0.5,1.775
2:01:42,3.55,0.5,1.775
2:01:52,3.55,0.4999,1.774
2:02:02,3.55,0.5,1.775
2:02:13,3.55,0.5,1.775
2:02:23,3.55,0.5,1.775
2:02:33,3.54,0.5,1.77
2:02:43,3.54,0.4999,1.769
2:02:53,3.54,0.4999,1.769
2:03:03,3.54,0.4999,1.769
2:03:13,3.54,0.5,1.77
2:03:23,3.54,0.5,1.77
2:03:34,3.54,0.5,1.77
2:03:44,3.53,0.5,1.765
2:03:54,3.53,0.5,1.765
2:04:04,3.53,0.4999,1.764
2:04:14,3.53,0.5,1.765
2:04:24,3.53,0.5,1.765
2:04:34,3.53,0.4999,1.764
2:04:44,3.53,0.5,1.765
2:04:55,3.53,0.4999,1.764
2:05:05,3.53,0.4999,1.764
2:05:15,3.53,0.5,1.765
2:05:25,3.53,0.4999,1.764
2:05:35,3.53,0.4999,1.764
2:05:45,3.53,0.4999,1.764
2:05:55,3.53,0.5,1.765
2:06:05,3.53,0.4999,1.764
2:06:16,3.53,0.5,1.765
2:06:26,3.53,0.4999,1.764
2:06:36,3.53,0.5,1.765
2:06:46,3.53,0.4999,1.764
2:06:56,3.53,0.4999,1.764
2:07:06,3.53,0.4999,1.764
2:07:16,3.53,0.5,1.765
2:07:27,3.53,0.4999,1.764
2:07:37,3.53,0.5,1.765
2:07:47,3.53,0.4999,1.764
2:07:57,3.53,0.5,1.765
2:08:07,3.53,0.4999,1.764
2:08:17,3.53,0.4999,1.764
2:08:27,3.53,0.4999,1.764
2:08:37,3.53,0.4999,1.764
2:08:48,3.53,0.5,1.765
2:08:58,3.52,0.5,1.76
2:09:08,3.52,0.4999,1.759
2:09:18,3.52,0.4999,1.759
2:09:28,3.52,0.5,1.76
2:09:38,3.52,0.4999,1.759
2:09:48,3.52,0.4999,1.759
2:09:58,3.52,0.5,1.76
2:10:09,3.52,0.5,1.76
2:10:19,3.52,0.4999,1.759
2:10:29,3.52,0.5,1.76
2:10:39,3.52,0.4999,1.759
2:10:49,3.52,0.5,1.76
2:10:59,3.52,0.5,1.76
2:11:09,3.52,0.5,1.76
2:11:19,3.52,0.4999,1.759
2:11:30,3.52,0.5,1.76
2:11:40,3.52,0.5,1.76
2:11:50,3.52,0.5,1.76
2:12:00,3.52,0.5,1.76
2:12:10,3.52,0.5,1.76
2:12:20,3.52,0.5,1.76
2:12:30,3.52,0.4999,1.759
2:12:40,3.52,0.5,1.76
2:12:51,3.52,0.5,1.76
2:13:01,3.52,0.5,1.76
2:13:11,3.52,0.5,1.76
2:13:21,3.52,0.5,1.76
2:13:31,3.52,0.5,1.76
2:13:41,3.52,0.5,1.76
2:13:51,3.52,0.5,1.76
2:14:01,3.52,0.4999,1.759
2:14:12,3.52,0.5,1.76
2:14:22,3.52,0.5,1.76
2:14:32,3.52,0.5,1.76
2:14:42,3.52,0.4999,1.759
2:14:52,3.51,0.4999,1.754
2:15:02,3.52,0.4999,1.759
2:15:12,3.51,0.4999,1.754
2:15:22,3.51,0.5,1.755
2:15:33,3.51,0.4999,1.754
2:15:43,3.51,0.4999,1.754
2:15:53,3.51,0.4999,1.754
2:16:03,3.51,0.5,1.755
2:16:13,3.51,0.5,1.755
2:16:23,3.51,0.5,1.755
2:16:33,3.51,0.5,1.755
2:16:43,3.51,0.5,1.755
2:16:54,3.51,0.4999,1.754
2:17:04,3.51,0.5,1.755
2:17:14,3.51,0.5,1.755
2:17:24,3.51,0.4999,1.754
2:17:34,3.51,0.4999,1.754
2:17:44,3.51,0.5,1.755
2:17:54,3.51,0.4999,1.754
2:18:05,3.51,0.5,1.755
2:18:15,3.51,0.4999,1.754
2:18:25,3.51,0.4999,1.754
2:18:35,3.51,0.5,1.755
2:18:45,3.51,0.4999,1.754
2:18:55,3.51,0.4999,1.754
2:19:05,3.51,0.4999,1.754
2:19:15,3.51,0.5,1.755
2:19:26,3.51,0.4999,1.754
2:19:36,3.51,0.5,1.755
2:19:46,3.51,0.5,1.755
2:19:56,3.51,0.5,1.755
2:20:06,3.51,0.5,1.755
2:20:16,3.51,0.4999,1.754
2:20:26,3.51,0.4999,1.754
2:20:36,3.51,0.5,1.755
2:20:47,3.51,0.5,1.755
2:20:57,3.51,0.5,1.755
2:21:07,3.51,0.4999,1.754
2:21:17,3.51,0.4999,1.754
2:21:27,3.51,0.5,1.755
2:21:37,3.5,0.4999,1.749
2:21:47,3.5,0.5,1.75
2:21:57,3.5,0.4999,1.749
2:22:08,3.5,0.4999,1.749
2:22:18,3.5,0.4999,1.749
2:22:28,3.5,0.4999,1.749
2:22:38,3.5,0.4999,1.749
2:22:48,3.5,0.4999,1.749
2:22:58,3.5,0.4998,1.749
2:23:08,3.5,0.4998,1.749
2:23:18,3.5,0.4998,1.749
2:23:29,3.5,0.4999,1.749
2:23:39,3.5,0.4998,1.749
2:23:49,3.5,0.4998,1.749
2:23:59,3.5,0.4999,1.749
2:24:09,3.5,0.4998,1.749
2:24:19,3.5,0.4998,1.749
2:24:29,3.5,0.4999,1.749
2:24:39,3.5,0.4999,1.749
2:24:50,3.5,0.4999,1.749
2:25:00,3.5,0.4999,1.749
2:25:10,3.5,0.4999,1.749
2:25:20,3.5,0.4998,1.749
2:25:30,3.5,0.4999,1.749
2:25:40,3.5,0.4998,1.749
2:25:50,3.5,0.4998,1.749
2:26:01,3.5,0.4999,1.749
2:26:11,3.5,0.4999,1.749
2:26:21,3.5,0.4999,1.749
2:26:31,3.5,0.4999,1.749
2:26:41,3.5,0.4999,1.749
2:26:51,3.5,0.4998,1.749
2:27:01,3.5,0.4999,1.749
2:27:11,3.5,0.4998,1.749
2:27:22,3.5,0.4998,1.749
2:27:32,3.5,0.4998,1.749
2:27:42,3.5,0.4998,1.749
2:27:52,3.5,0.4998,1.749
2:28:02,3.5,0.4999,1.749
2:28:12,3.49,0.4999,1.744
2:28:22,3.5,0.4998,1.749
2:28:32,3.49,0.4998,1.744
2:28:43,3.49,0.4998,1.744
2:28:53,3.49,0.4998,1.744
2:29:03,3.49,0.4999,1.744
2:29:13,3.49,0.4998,1.744
2:29:23,3.49,0.4998,1.744
2:29:33,3.49,0.4999,1.744
2:29:43,3.49,0.4998,1.744
2:29:53,3.49,0.4998,1.744
2:30:04,3.49,0.4999,1.744
2:30:14,3.49,0.4999,1.744
2:30:24,3.49,0.4999,1.744
2:30:34,3.49,0.4998,1.744
2:30:44,3.49,0.4999,1.744
2:30:54,3.49,0.4999,1.744
2:31:04,3.49,0.4998,1.744
2:31:14,3.49,0.4999,1.744
2:31:25,3.49,0.4999,1.744
2:31:35,3.49,0.4999,1.744
2:31:45,3.49,0.4999,1.744
2:31:55,3.49,0.4999,1.744
2:32:05,3.49,0.4998,1.744
2:32:15,3.49,0.4999,1.744
2:32:25,3.49,0.4998,1.744
2:32:35,3.49,0.4999,1.744
2:32:46,3.49,0.4999,1.744
2:32:56,3.49,0.4999,1.744
2:33:06,3.49,0.4999,1.744
2:33:16,3.49,0.4999,1.744
2:33:26,3.49,0.4999,1.744
2:33:36,3.49,0.4999,1.744
2:33:46,3.49,0.4999,1.744
2:33:57,3.49,0.4999,1.744
2:34:07,3.49,0.4999,1.744
2:34:17,3.48,0.5,1.74
2:34:27,3.48,0.5,1.74
2:34:37,3.48,0.5,1.74
2:34:47,3.48,0.4999,1.739
2:34:57,3.48,0.5,1.74
2:35:07,3.48,0.5,1.74
2:35:18,3.48,0.4999,1.739
2:35:28,3.48,0.5,1.74
2:35:38,3.48,0.4999,1.739
2:35:48,3.48,0.5,1.74
2:35:58,3.48,0.5,1.74
2:36:08,3.48,0.5,1.74
2:36:18,3.48,0.5,1.74
2:36:28,3.48,0.4999,1.739
2:36:39,3.48,0.5,1.74
2:36:49,3.48,0.4999,1.739
2:36:59,3.48,0.4999,1.739
2:37:09,3.48,0.4999,1.739
2:37:19,3.48,0.4999,1.739
2:37:29,3.48,0.5,1.74
2:37:39,3.48,0.5,1.74
2:37:49,3.48,0.5,1.74
2:38:00,3.48,0.4999,1.739
2:38:10,3.48,0.5,1.74
2:38:20,3.48,0.4999,1.739
2:38:30,3.48,0.5,1.74
2:38:40,3.48,0.4999,1.739
2:38:50,3.47,0.5,1.735
2:39:00,3.47,0.4999,1.734
2:39:10,3.47,0.4999,1.734
2:39:21,3.47,0.4999,1.734
2:39:31,3.47,0.4999,1.734
2:39:41,3.47,0.5,1.735
2:39:51,3.47,0.4999,1.734
2:40:01,3.46,0.5,1.73
2:40:11,3.48,0.5,1.74
2:40:21,3.48,0.4999,1.739
2:40:31,3.48,0.4999,1.739
2:40:42,3.48,0.5,1.74
2:40:52,3.48,0.4999,1.739
2:41:02,3.48,0.5,1.74
2:41:12,3.48,0.5,1.74
2:41:22,3.48,0.4999,1.739
2:41:32,3.48,0.5,1.74
2:41:42,3.48,0.5,1.74
2:41:52,3.48,0.5006,1.742
2:42:03,3.47,0.5,1.735
2:42:13,3.48,0.4999,1.739
2:42:23,3.47,0.5,1.735
2:42:33,3.47,0.4999,1.734
2:42:43,3.47,0.4999,1.734
2:42:53,3.47,0.5,1.735
2:43:03,3.47,0.5,1.735
2:43:13,3.47,0.4999,1.734
2:43:24,3.47,0.5,1.735
2:43:34,3.47,0.5,1.735
2:43:44,3.47,0.4999,1.734
2:43:54,3.47,0.5,1.735
2:44:04,3.47,0.5,1.735
2:44:14,3.47,0.4999,1.734
2:44:24,3.47,0.4999,1.734
2:44:34,3.47,0.5,1.735
2:44:45,3.47,0.4999,1.734
2:44:55,3.47,0.4999,1.734
2:45:05,3.47,0.5,1.735
2:45:15,3.47,0.4999,1.734
2:45:25,3.47,0.5,1.735
2:45:35,3.47,0.4999,1.734
2:45:45,3.47,0.4999,1.734
2:45:56,3.47,0.4999,1.734
2:46:06,3.47,0.5,1.735
2:46:16,3.48,0.4999,1.739
2:46:26,3.47,0.5,1.735
2:46:36,3.47,0.5,1.735
2:46:46,3.47,0.5,1.735
2:46:56,3.47,0.5,1.735
2:47:06,3.47,0.5,1.735
2:47:17,3.47,0.4999,1.734
2:47:27,3.47,0.4999,1.734
2:47:37,3.47,0.5,1.735
2:47:47,3.47,0.5,1.735
2:47:57,3.47,0.5,1.735
2:48:07,3.47,0.4999,1.734
2:48:17,3.47,0.4999,1.734
2:48:27,3.47,0.4999,1.734
2:48:38,3.47,0.4999,1.734
2:48:48,3.47,0.4999,1.734
2:48:58,3.47,0.4999,1.734
2:49:08,3.47,0.4999,1.734
2:49:18,3.47,0.5,1.735
2:49:28,3.47,0.5,1.735
2:49:38,3.47,0.4999,1.734
2:49:48,3.47,0.5,1.735
2:49:59,3.47,0.5001,1.735
2:50:09,3.47,0.5,1.735
2:50:19,3.47,0.5001,1.735
2:50:29,3.47,0.4999,1.734
2:50:39,3.47,0.5,1.735
2:50:49,3.47,0.5,1.735
2:50:59,3.47,0.5,1.735
2:51:09,3.47,0.5,1.735
2:51:20,3.47,0.5002,1.735
2:51:30,3.47,0.4999,1.734
2:51:40,3.47,0.4999,1.734
2:51:50,3.47,0.5,1.735
2:52:00,3.47,0.4999,1.734
2:52:10,3.47,0.5,1.735
2:52:20,3.47,0.4999,1.734
2:52:30,3.47,0.5002,1.735
2:52:41,3.47,0.4999,1.734
2:52:51,3.47,0.4996,1.733
2:53:01,3.47,0.5,1.735
2:53:11,3.47,0.4999,1.734
2:53:21,3.47,0.5,1.735
2:53:31,3.47,0.4999,1.734
2:53:41,3.47,0.4999,1.734
2:53:51,3.47,0.4999,1.734
2:54:02,3.46,0.4999,1.729
2:54:12,3.46,0.4999,1.729
2:54:22,3.46,0.4998,1.729
2:54:32,3.47,0.4999,1.734
2:54:42,3.47,0.4999,1.734
2:54:52,3.46,0.5001,1.73
2:55:02,3.46,0.5,1.73
2:55:13,3.46,0.4999,1.729
2:55:23,3.46,0.4999,1.729
2:55:33,3.46,0.5,1.73
2:55:43,3.46,0.4999,1.729
2:55:53,3.46,0.5,1.73
2:56:03,3.46,0.4999,1.729
2:56:13,3.46,0.4999,1.729
2:56:23,3.46,0.4999,1.729
2:56:34,3.46,0.4999,1.729
2:56:44,3.46,0.4999,1.729
2:56:54,3.46,0.4999,1.729
2:57:04,3.46,0.4999,1.729
2:57:14,3.46,0.4999,1.729
2:57:24,3.46,0.5,1.73
2:57:34,3.46,0.5,1.73
2:57:44,3.46,0.4999,1.729
2:57:55,3.46,0.5,1.73
2:58:05,3.46,0.4999,1.729
2:58:15,3.46,0.4999,1.729
2:58:25,3.46,0.5,1.73
2:58:35,3.46,0.4999,1.729
2:58:45,3.46,0.4999,1.729
2:58:55,3.46,0.4999,1.729
2:59:05,3.46,0.5,1.73
2:59:16,3.46,0.5,1.73
2:59:26,3.46,0.5,1.73
2:59:36,3.46,0.4999,1.729
2:59:46,3.46,0.4999,1.729
2:59:56,3.46,0.4999,1.729
3:00:06,3.46,0.5,1.73
3:00:16,3.46,0.5,1.73
3:00:26,3.46,0.5,1.73
3:00:37,3.46,0.5,1.73
3:00:47,3.46,0.4999,1.729
3:00:57,3.46,0.4999,1.729
3:01:07,3.46,0.5,1.73
3:01:17,3.46,0.4999,1.729
3:01:27,3.46,0.4999,1.729
3:01:37,3.46,0.4999,1.729
3:01:48,3.46,0.4999,1.729
3:01:58,3.46,0.5,1.73
3:02:08,3.46,0.5,1.73
3:02:18,3.46,0.4998,1.729
3:02:28,3.46,0.4999,1.729
3:02:38,3.46,0.4999,1.729
3:02:48,3.46,0.5,1.73
3:02:58,3.45,0.4999,1.724
3:03:09,3.46,0.4998,1.729
3:03:19,3.46,0.4999,1.729
3:03:29,3.45,0.5001,1.725
3:03:39,3.45,0.4995,1.723
3:03:49,3.45,0.4998,1.724
3:03:59,3.45,0.4999,1.724
3:04:09,3.46,0.4997,1.728
3:04:19,3.45,0.4999,1.724
3:04:30,3.45,0.4998,1.724
3:04:40,3.45,0.5,1.725
3:04:50,3.45,0.4999,1.724
3:05:00,3.45,0.4998,1.724
3:05:10,3.46,0.4999,1.729
3:05:20,3.45,0.5008,1.727
3:05:30,3.45,0.4997,1.723
3:05:40,3.45,0.4998,1.724
3:05:51,3.45,0.5001,1.725
3:06:01,3.45,0.5001,1.725
3:06:11,3.45,0.5002,1.725
3:06:21,3.45,0.5,1.725
3:06:31,3.45,0.4999,1.724
3:06:41,3.45,0.5002,1.725
3:06:51,3.45,0.5005,1.726
3:07:01,3.45,0.4998,1.724
3:07:12,3.42,0.5002,1.71
3:07:22,3.42,0.4998,1.709
3:07:32,3.42,0.5,1.71
3:07:42,3.42,0.5002,1.71
3:07:52,3.42,0.5008,1.712
3:08:02,3.42,0.5,1.71
3:08:12,3.42,0.4999,1.709
3:08:22,3.42,0.4998,1.709
3:08:33,3.42,0.5,1.71
3:08:43,3.42,0.4995,1.708
3:08:53,3.42,0.4999,1.709
3:09:03,3.42,0.4998,1.709
3:09:13,3.42,0.4999,1.709
3:09:23,3.42,0.4999,1.709
3:09:33,3.42,0.5001,1.71
3:09:43,3.42,0.5001,1.71
3:09:54,3.42,0.4996,1.708
3:10:04,3.42,0.5007,1.712
3:10:14,3.42,0.4999,1.709
3:10:24,3.42,0.5002,1.71
3:10:34,3.42,0.5001,1.71
3:10:44,3.42,0.4995,1.708
3:10:54,3.41,0.5007,1.707
3:11:04,3.42,0.4999,1.709
3:11:15,3.42,0.4999,1.709
3:11:25,3.42,0.5006,1.712
3:11:35,3.42,0.4995,1.708
3:11:45,3.42,0.5002,1.71
3:11:55,3.42,0.4993,1.707
3:12:05,3.42,0.5007,1.712
3:12:15,3.42,0.4996,1.708
3:12:25,3.42,0.5,1.71
3:12:36,3.42,0.5,1.71
3:12:46,3.42,0.4991,1.706
3:12:56,3.42,0.4999,1.709
3:13:06,3.42,0.5003,1.711
3:13:16,3.42,0.4997,1.708
3:13:26,3.42,0.5009,1.713
3:13:36,3.42,0.4999,1.709
3:13:46,3.42,0.499,1.706
3:13:57,3.42,0.4999,1.709
3:14:07,3.42,0.5001,1.71
3:14:17,3.42,0.5007,1.712
3:14:27,3.42,0.5002,1.71
3:14:37,3.42,0.4999,1.709
3:14:47,3.42,0.5,1.71
3:14:57,3.42,0.4999,1.709
3:15:07,3.42,0.5005,1.711
3:15:18,3.42,0.4996,1.708
3:15:28,3.42,0.4997,1.708
3:15:38,3.42,0.5,1.71
3:15:48,3.42,0.5,1.71
3:15:58,3.42,0.4999,1.709
3:16:08,3.42,0.5,1.71
3:16:18,3.42,0.4998,1.709
3:16:28,3.42,0.4999,1.709
3:16:39,3.42,0.5,1.71
3:16:49,3.42,0.5,1.71
3:16:59,3.42,0.5,1.71
3:17:09,3.42,0.5,1.71
3:17:19,3.42,0.4999,1.709
3:17:29,3.42,0.5,1.71
3:17:39,3.42,0.5,1.71
3:17:49,3.42,0.4999,1.709
3:18:00,3.42,0.4999,1.709
3:18:10,3.42,0.4999,1.709
3:18:20,3.42,0.5,1.71
3:18:30,3.42,0.5,1.71
3:18:40,3.41,0.4996,1.703
3:18:50,3.4,0.4997,1.698
3:19:00,3.4,0.4999,1.699
3:19:10,3.4,0.4999,1.699
3:19:21,3.41,0.5002,1.705
3:19:31,3.41,0.5001,1.705
3:19:41,3.4,0.5,1.7
3:19:51,3.41,0.5001,1.705
3:20:01,3.42,0.4999,1.709
3:20:11,3.42,0.5,1.71
3:20:21,3.41,0.4992,1.702
3:20:31,3.42,0.5,1.71
3:20:42,3.42,0.4992,1.707
3:20:52,3.42,0.5,1.71
3:21:02,3.42,0.5,1.71
3:21:12,3.42,0.4999,1.709
3:21:22,3.42,0.5001,1.71
3:21:32,3.42,0.4997,1.708
3:21:42,3.42,0.5002,1.71
3:21:52,3.42,0.4995,1.708
3:22:03,3.42,0.4997,1.708
3:22:13,3.42,0.5001,1.71
3:22:23,3.42,0.5,1.71
3:22:33,3.42,0.5005,1.711
3:22:43,3.43,0.4999,1.714
3:22:53,3.42,0.5,1.71
3:23:03,3.43,0.5002,1.715
3:23:13,3.43,0.5002,1.715
3:23:24,3.42,0.4997,1.708
3:23:34,3.42,0.4998,1.709
3:23:44,3.42,0.4998,1.709
3:23:54,3.42,0.5,1.71
3:24:04,3.43,0.4996,1.713
3:24:14,3.42,0.4998,1.709
3:24:24,3.42,0.5004,1.711
3:24:34,3.42,0.5,1.71
3:24:45,3.43,0.4994,1.712
3:24:55,3.42,0.4994,1.707
3:25:05,3.42,0.4999,1.709
3:25:15,3.42,0.4999,1.709
3:25:25,3.42,0.5,1.71
3:25:35,3.42,0.4999,1.709
3:25:45,3.42,0.4996,1.708
3:25:55,3.42,0.5,1.71
3:26:06,3.42,0.5,1.71
3:26:16,3.42,0.5001,1.71
3:26:26,3.42,0.4998,1.709
3:26:36,3.42,0.4998,1.709
3:26:46,3.42,0.4999,1.709
3:26:56,3.42,0.4997,1.708
3:27:06,3.42,0.4997,1.708
3:27:16,3.42,0.5004,1.711
3:27:27,3.42,0.4994,1.707
3:27:37,3.42,0.4995,1.708
3:27:47,3.42,0.5003,1.711
3:27:57,3.42,0.4999,1.709
3:28:07,3.43,0.4998,1.714
3:28:17,3.42,0.4994,1.707
3:28:27,3.42,0.4992,1.707
3:28:37,3.42,0.4992,1.707
3:28:48,3.42,0.5002,1.71
3:28:58,3.42,0.4993,1.707
3:29:08,3.42,0.5002,1.71
3:29:18,3.42,0.5,1.71
3:29:28,3.42,0.5001,1.71
3:29:38,3.42,0.5005,1.711
3:29:48,3.42,0.5002,1.71
3:29:58,3.42,0.4998,1.709
3:30:09,3.42,0.5002,1.71
3:30:19,3.42,0.5,1.71
3:30:29,3.42,0.4999,1.709
3:30:39,3.42,0.4999,1.709
3:30:49,3.42,0.4999,1.709
3:30:59,3.42,0.4999,1.709
3:31:09,3.42,0.4999,1.709
3:31:20,3.42,0.4999,1.709
3:31:30,3.42,0.5001,1.71
3:31:40,3.42,0.5,1.71
3:31:50,3.42,0.5,1.71
3:32:00,3.42,0.5,1.71
3:32:10,3.42,0.5,1.71
3:32:20,3.42,0.5,1.71
3:32:30,3.42,0.4999,1.709
3:32:41,3.42,0.5,1.71
3:32:51,3.42,0.4999,1.709
3:33:01,3.42,0.4999,1.709
3:33:11,3.42,0.4999,1.709
3:33:21,3.42,0.4999,1.709
3:33:31,3.42,0.4999,1.709
3:33:41,3.42,0.5,1.71
3:33:51,3.42,0.5,1.71
3:34:02,3.42,0.5,1.71
3:34:12,3.42,0.4999,1.709
3:34:22,3.42,0.5,1.71
3:34:32,3.42,0.4999,1.709
3:34:42,3.42,0.4999,1.709
3:34:52,3.42,0.5,1.71
3:35:02,3.42,0.4999,1.709
3:35:12,3.42,0.4999,1.709
3:35:23,3.41,0.5,1.705
3:35:33,3.42,0.4999,1.709
3:35:43,3.41,0.5,1.705
3:35:53,3.42,0.4999,1.709
3:36:03,3.42,0.4999,1.709
3:36:13,3.42,0.4999,1.709
3:36:23,3.41,0.5,1.705
3:36:33,3.41,0.4999,1.704
3:36:44,3.42,0.5,1.71
3:36:54,3.41,0.4998,1.704
3:37:04,3.41,0.4999,1.704
3:37:14,3.41,0.5,1.705
3:37:24,3.41,0.5,1.705
3:37:34,3.41,0.4998,1.704
3:37:44,3.42,0.4998,1.709
3:37:55,3.41,0.4998,1.704
3:38:05,3.41,0.5,1.705
3:38:15,3.42,0.5006,1.712
3:38:25,3.41,0.5003,1.706
3:38:35,3.41,0.5006,1.707
3:38:45,3.42,0.4996,1.708
3:38:55,3.41,0.4991,1.701
3:39:05,3.41,0.5,1.705
3:39:16,3.41,0.4999,1.704
3:39:26,3.41,0.4999,1.704
3:39:36,3.41,0.5002,1.705
3:39:46,3.41,0.5,1.705
3:39:56,3.41,0.4998,1.704
3:40:06,3.41,0.4999,1.704
3:40:16,3.41,0.4999,1.704
3:40:26,3.41,0.4996,1.703
3:40:37,3.41,0.4991,1.701
3:40:47,3.41,0.5,1.705
3:40:57,3.41,0.4999,1.704
3:41:07,3.41,0.4999,1.704
3:41:17,3.41,0.4999,1.704
3:41:27,3.41,0.4997,1.703
3:41:37,3.41,0.5001,1.705
3:41:47,3.41,0.4995,1.703
3:41:58,3.41,0.4998,1.704
3:42:08,3.41,0.5005,1.706
3:42:18,3.41,0.4999,1.704
3:42:28,3.41,0.4999,1.704
3:42:38,3.41,0.4999,1.704
3:42:48,3.41,0.5001,1.705
3:42:58,3.41,0.5,1.705
3:43:08,3.41,0.4994,1.702
3:43:19,3.41,0.4999,1.704
3:43:29,3.41,0.5,1.705
3:43:39,3.41,0.4999,1.704
3:43:49,3.41,0.4995,1.703
3:43:59,3.41,0.4998,1.704
3:44:09,3.41,0.5002,1.705
3:44:19,3.41,0.4998,1.704
3:44:29,3.41,0.5001,1.705
3:44:40,3.41,0.499,1.701
3:44:50,3.41,0.5003,1.706
3:45:00,3.41,0.4998,1.704
3:45:10,3.41,0.5,1.705
3:45:20,3.41,0.5005,1.706
3:45:30,3.4,0.5007,1.702
3:45:40,3.41,0.5001,1.705
3:45:50,3.41,0.5002,1.705
3:46:01,3.41,0.4995,1.703
3:46:11,3.41,0.5,1.705
3:46:21,3.41,0.5,1.705
3:46:31,3.41,0.5,1.705
3:46:41,3.41,0.4995,1.703
3:46:51,3.41,0.4998,1.704
3:47:01,3.41,0.5,1.705
3:47:11,3.41,0.4999,1.704
3:47:22,3.41,0.5,1.705
3:47:32,3.4,0.4999,1.699
3:47:42,3.41,0.5006,1.707
3:47:52,3.41,0.5001,1.705
3:48:02,3.41,0.4997,1.703
3:48:12,3.4,0.5006,1.702
3:48:22,3.41,0.4999,1.704
3:48:32,3.41,0.5003,1.706
3:48:43,3.41,0.4992,1.702
3:48:53,3.4,0.5,1.7
3:49:03,3.4,0.5002,1.7
3:49:13,3.41,0.5,1.705
3:49:23,3.4,0.5,1.7
3:49:33,3.4,0.4998,1.699
3:49:43,3.41,0.5007,1.707
3:49:53,3.4,0.5,1.7
3:50:04,3.4,0.4995,1.698
3:50:14,3.4,0.4998,1.699
3:50:24,3.4,0.4998,1.699
3:50:34,3.4,0.5002,1.7
3:50:44,3.4,0.5003,1.701
3:50:54,3.4,0.4992,1.697
3:51:04,3.4,0.4994,1.697
3:51:15,3.4,0.5001,1.7
3:51:25,3.4,0.5002,1.7
3:51:35,3.4,0.5001,1.7
3:51:45,3.4,0.5,1.7
3:51:55,3.4,0.4994,1.697
3:52:05,3.4,0.5,1.7
3:52:15,3.4,0.4999,1.699
3:52:25,3.4,0.4997,1.698
3:52:36,3.4,0.5007,1.702
3:52:46,3.4,0.5,1.7
3:52:56,3.4,0.5006,1.702
3:53:06,3.4,0.4999,1.699
3:53:16,3.4,0.5002,1.7
3:53:26,3.4,0.4999,1.699
3:53:36,3.4,0.5,1.7
3:53:46,3.4,0.5003,1.701
3:53:57,3.4,0.5001,1.7
3:54:07,3.4,0.4994,1.697
3:54:17,3.4,0.4999,1.699
3:54:27,3.4,0.5,1.7
3:54:37,3.4,0.5,1.7
3:54:47,3.4,0.5006,1.702
3:54:57,3.4,0.4997,1.698
3:55:07,3.4,0.4992,1.697
3:55:18,3.4,0.5005,1.701
3:55:28,3.4,0.5001,1.7
3:55:38,3.4,0.5,1.7
3:55:48,3.4,0.4998,1.699
3:55:58,3.4,0.4999,1.699
3:56:08,3.4,0.4999,1.699
3:56:18,3.4,0.4994,1.697
3:56:28,3.4,0.4995,1.698
3:56:39,3.4,0.5,1.7
3:56:49,3.4,0.5004,1.701
3:56:59,3.4,0.5002,1.7
3:57:09,3.4,0.4993,1.697
3:57:19,3.4,0.5,1.7
3:57:29,3.39,0.4999,1.694
3:57:39,3.39,0.4999,1.694
3:57:49,3.39,0.4999,1.694
3:58:00,3.39,0.5001,1.695
3:58:10,3.39,0.5,1.695
3:58:20,3.4,0.5001,1.7
3:58:30,3.39,0.5004,1.696
3:58:40,3.39,0.5001,1.695
3:58:50,3.39,0.4999,1.694
3:59:00,3.39,0.4991,1.691
3:59:11,3.39,0.4999,1.694
3:59:21,3.39,0.4998,1.694
3:59:31,3.39,0.4999,1.694
3:59:41,3.39,0.4997,1.693
3:59:51,3.39,0.4999,1.694
4:00:01,3.39,0.5002,1.695
4:00:11,3.39,0.5003,1.696
4:00:21,3.39,0.5002,1.695
4:00:32,3.38,0.4998,1.689
4:00:42,3.39,0.5002,1.695
4:00:52,3.39,0.5006,1.697
4:01:02,3.39,0.4998,1.694
4:01:12,3.38,0.5001,1.69
4:01:22,3.39,0.5,1.695
4:01:32,3.38,0.5001,1.69
4:01:42,3.38,0.5001,1.69
4:01:52,3.38,0.5002,1.69
4:02:03,3.38,0.4996,1.688
4:02:13,3.38,0.5002,1.69
4:02:23,3.38,0.5002,1.69
4:02:33,3.38,0.5,1.69
4:02:43,3.38,0.5,1.69
4:02:53,3.38,0.4999,1.689
4:03:03,3.38,0.4991,1.686
4:03:13,3.38,0.5,1.69
4:03:24,3.38,0.4999,1.689
4:03:34,3.38,0.4998,1.689
4:03:44,3.38,0.4995,1.688
4:03:54,3.38,0.5002,1.69
4:04:04,3.38,0.5001,1.69
4:04:14,3.38,0.4999,1.689
4:04:24,3.38,0.5002,1.69
4:04:35,3.38,0.4998,1.689
4:04:45,3.38,0.4999,1.689
4:04:55,3.38,0.4999,1.689
4:05:05,3.38,0.4999,1.689
4:05:15,3.38,0.5,1.69
4:05:25,3.38,0.4999,1.689
4:05:35,3.38,0.4999,1.689
4:05:45,3.38,0.5,1.69
4:05:56,3.38,0.4999,1.689
4:06:06,3.38,0.4999,1.689
4:06:16,3.38,0.4999,1.689
4:06:26,3.38,0.4999,1.689
4:06:36,3.38,0.4999,1.689
4:06:46,3.38,0.4999,1.689
4:06:56,3.38,0.4998,1.689
4:07:06,3.38,0.4999,1.689
4:07:17,3.38,0.4999,1.689
4:07:27,3.37,0.4999,1.684
4:07:37,3.37,0.4999,1.684
4:07:47,3.37,0.5,1.685
4:07:57,3.37,0.4998,1.684
4:08:07,3.37,0.4999,1.684
4:08:17,3.37,0.5001,1.685
4:08:27,3.37,0.5001,1.685
4:08:38,3.37,0.5,1.685
4:08:48,3.37,0.4997,1.683
4:08:58,3.37,0.4999,1.684
4:09:08,3.37,0.5004,1.686
4:09:18,3.37,0.4997,1.683
4:09:28,3.37,0.4996,1.683
4:09:38,3.37,0.5001,1.685
4:09:48,3.37,0.5,1.685
4:09:59,3.37,0.5,1.685
4:10:09,3.37,0.5001,1.685
4:10:19,3.37,0.5,1.685
4:10:29,3.37,0.5,1.685
4:10:39,3.37,0.5,1.685
4:10:49,3.37,0.5,1.685
4:10:59,3.37,0.5,1.685
4:11:09,3.37,0.5,1.685
4:11:20,3.37,0.4999,1.684
4:11:30,3.37,0.4999,1.684
4:11:40,3.37,0.4998,1.684
4:11:50,3.37,0.5,1.685
4:12:00,3.37,0.4997,1.683
4:12:10,3.37,0.4999,1.684
4:12:20,3.37,0.5001,1.685
4:12:30,3.37,0.5002,1.685
4:12:41,3.37,0.4995,1.683
4:12:51,3.37,0.5002,1.685
4:13:01,3.37,0.5,1.685
4:13:11,3.37,0.4999,1.684
4:13:21,3.37,0.5,1.685
4:13:31,3.37,0.5,1.685
4:13:41,3.37,0.5001,1.685
4:13:51,3.37,0.5,1.685
4:14:02,3.37,0.4999,1.684
4:14:12,3.37,0.5,1.685
4:14:22,3.36,0.5001,1.68
4:14:32,3.37,0.5002,1.685
4:14:42,3.37,0.5,1.685
4:14:52,3.37,0.5,1.685
4:15:02,3.37,0.4999,1.684
4:15:13,3.36,0.5,1.68
4:15:23,3.36,0.4999,1.679
4:15:33,3.36,0.4999,1.679
4:15:43,3.36,0.4999,1.679
4:15:53,3.36,0.4999,1.679
4:16:03,3.36,0.4999,1.679
4:16:13,3.36,0.4999,1.679
4:16:23,3.36,0.4999,1.679
4:16:34,3.36,0.5,1.68
4:16:44,3.36,0.5,1.68
4:16:54,3.36,0.5,1.68
4:17:04,3.36,0.4999,1.679
4:17:14,3.36,0.5,1.68
4:17:24,3.36,0.5,1.68
4:17:34,3.36,0.4999,1.679
4:17:44,3.36,0.5,1.68
4:17:55,3.36,0.5,1.68
4:18:05,3.36,0.4999,1.679
4:18:15,3.36,0.4999,1.679
4:18:25,3.36,0.4999,1.679
4:18:35,3.36,0.4999,1.679
4:18:45,3.36,0.4999,1.679
4:18:55,3.36,0.4999,1.679
4:19:05,3.36,0.4999,1.679
4:19:16,3.36,0.4999,1.679
4:19:26,3.36,0.5,1.68
4:19:36,3.36,0.4998,1.679
4:19:46,3.35,0.4999,1.674
4:19:56,3.35,0.5002,1.675
4:20:06,3.35,0.4999,1.674
4:20:16,3.35,0.5,1.675
4:20:26,3.35,0.5,1.675
4:20:37,3.35,0.4999,1.674
4:20:47,3.35,0.5002,1.675
4:20:57,3.35,0.4999,1.674
4:21:07,3.35,0.4999,1.674
4:21:17,3.35,0.4999,1.674
4:21:27,3.35,0.5,1.675
4:21:37,3.35,0.4999,1.674
4:21:47,3.35,0.4999,1.674
4:21:58,3.35,0.4999,1.674
4:22:08,3.35,0.5005,1.676
4:22:18,3.35,0.4995,1.673
4:22:28,3.35,0.4995,1.673
4:22:38,3.35,0.5001,1.675
4:22:48,3.35,0.5,1.675
4:22:58,3.35,0.5,1.675
4:23:08,3.35,0.5,1.675
4:23:19,3.35,0.5,1.675
4:23:29,3.35,0.5004,1.676
4:23:39,3.35,0.5,1.675
4:23:49,3.35,0.4999,1.674
4:23:59,3.35,0.5,1.675
4:24:09,3.34,0.5,1.67
4:24:19,3.34,0.4998,1.669
4:24:30,3.34,0.4999,1.669
4:24:40,3.34,0.4999,1.669
4:24:50,3.34,0.4999,1.669
4:25:00,3.34,0.5,1.67
4:25:10,3.34,0.4999,1.669
4:25:20,3.34,0.5,1.67
4:25:30,3.34,0.5001,1.67
4:25:40,3.34,0.5001,1.67
4:25:51,3.34,0.4999,1.669
4:26:01,3.34,0.4999,1.669
4:26:11,3.34,0.5001,1.67
4:26:21,3.34,0.4999,1.669
4:26:31,3.34,0.5002,1.67
4:26:41,3.34,0.4999,1.669
4:26:51,3.34,0.4998,1.669
4:27:01,3.34,0.4999,1.669
4:27:12,3.34,0.4999,1.669
4:27:22,3.34,0.5,1.67
4:27:32,3.34,0.4999,1.669
4:27:42,3.34,0.5,1.67
4:27:52,3.33,0.5,1.665
4:28:02,3.33,0.4999,1.664
4:28:12,3.33,0.5,1.665
4:28:22,3.33,0.5,1.665
4:28:33,3.33,0.4999,1.664
4:28:43,3.33,0.4999,1.664
4:28:53,3.33,0.5001,1.665
4:29:03,3.33,0.5,1.665
4:29:13,3.33,0.4999,1.664
4:29:23,3.33,0.5002,1.665
4:29:33,3.33,0.4999,1.664
4:29:43,3.33,0.4999,1.664
4:29:54,3.33,0.5,1.665
4:30:04,3.33,0.4997,1.664
4:30:14,3.33,0.4997,1.664
4:30:24,3.33,0.5002,1.665
4:30:34,3.33,0.4998,1.664
4:30:44,3.33,0.5,1.665
4:30:54,3.33,0.4996,1.663
4:31:04,3.33,0.5,1.665
4:31:15,3.33,0.4995,1.663
4:31:25,3.32,0.4991,1.657
4:31:35,3.32,0.4999,1.659
4:31:45,3.32,0.4999,1.659
4:31:55,3.32,0.4999,1.659
4:32:05,3.32,0.5,1.66
4:32:15,3.32,0.4996,1.658
4:32:25,3.32,0.4998,1.659
4:32:36,3.32,0.4998,1.659
4:32:46,3.32,0.5,1.66
4:32:56,3.32,0.4998,1.659
4:33:06,3.32,0.4999,1.659
4:33:16,3.32,0.4991,1.657
4:33:26,3.32,0.5004,1.661
4:33:36,3.32,0.5,1.66
4:33:46,3.32,0.4999,1.659
4:33:57,3.32,0.4999,1.659
4:34:07,3.32,0.4997,1.659
4:34:17,3.32,0.4996,1.658
4:34:27,3.32,0.5005,1.661
4:34:37,3.31,0.5001,1.655
4:34:47,3.31,0.4998,1.654
4:34:57,3.31,0.5001,1.655
4:35:07,3.31,0.5,1.655
4:35:17,3.31,0.5,1.655
4:35:28,3.31,0.5,1.655
4:35:38,3.31,0.5003,1.655
4:35:48,3.31,0.4999,1.654
4:35:58,3.31,0.4999,1.654
4:36:08,3.31,0.4996,1.653
4:36:18,3.31,0.5002,1.655
4:36:28,3.3,0.5001,1.65
4:36:38,3.3,0.5001,1.65
4:36:49,3.3,0.4999,1.649
4:36:59,3.3,0.5001,1.65
4:37:09,3.3,0.4994,1.648
4:37:19,3.3,0.5002,1.65
4:37:29,3.3,0.4999,1.649
4:37:39,3.3,0.4997,1.649
4:37:49,3.3,0.5009,1.652
4:37:59,3.3,0.4998,1.649
4:38:10,3.3,0.4995,1.648
4:38:20,3.3,0.4999,1.649
4:38:30,3.3,0.5001,1.65
4:38:40,3.3,0.4996,1.648
4:38:50,3.3,0.4996,1.648
4:39:00,3.3,0.5001,1.65
4:39:10,3.3,0.5,1.65
4:39:20,3.3,0.5002,1.65
4:39:31,3.3,0.4998,1.649
4:39:41,3.29,0.5002,1.645
4:39:51,3.29,0.5,1.645
4:40:01,3.29,0.5001,1.645
4:40:11,3.29,0.5007,1.647
4:40:21,3.29,0.4999,1.644
4:40:31,3.29,0.5001,1.645
4:40:42,3.29,0.5001,1.645
4:40:52,3.29,0.5,1.645
4:41:02,3.29,0.4992,1.642
4:41:12,3.29,0.4999,1.644
4:41:22,3.29,0.5001,1.645
4:41:32,3.29,0.4999,1.644
4:41:42,3.29,0.5,1.645
4:41:52,3.29,0.4997,1.644
4:42:03,3.28,0.5,1.64
4:42:13,3.28,0.4999,1.639
4:42:23,3.28,0.5001,1.64
4:42:33,3.28,0.4995,1.638
4:42:43,3.28,0.4999,1.639
4:42:53,3.28,0.4995,1.638
4:43:03,3.28,0.5008,1.642
4:43:13,3.28,0.5,1.64
4:43:24,3.28,0.5,1.64
4:43:34,3.28,0.4999,1.639
4:43:44,3.28,0.4992,1.637
4:43:54,3.28,0.4995,1.638
4:44:04,3.28,0.5003,1.64
4:44:14,3.27,0.5003,1.635
4:44:24,3.27,0.5003,1.635
4:44:34,3.28,0.5001,1.64
4:44:45,3.28,0.4997,1.639
4:44:55,3.27,0.5002,1.635
4:45:05,3.27,0.4997,1.634
4:45:15,3.27,0.5,1.635
4:45:25,3.27,0.4999,1.634
4:45:35,3.27,0.4996,1.633
4:45:45,3.27,0.5,1.635
4:45:55,3.27,0.4991,1.632
4:46:06,3.27,0.5004,1.636
4:46:16,3.27,0.5002,1.635
4:46:26,3.27,0.5,1.635
4:46:36,3.27,0.4997,1.634
4:46:46,3.27,0.5001,1.635
4:46:56,3.27,0.4993,1.632
4:47:06,3.27,0.5001,1.635
4:47:16,3.27,0.4995,1.633
4:47:27,3.27,0.5,1.635
4:47:37,3.27,0.4999,1.634
4:47:47,3.27,0.5,1.635
4:47:57,3.27,0.4999,1.634
4:48:07,3.26,0.4999,1.629
4:48:17,3.27,0.5002,1.635
4:48:27,3.26,0.4993,1.627
4:48:37,3.26,0.4999,1.629
4:48:48,3.26,0.5001,1.63
4:48:58,3.26,0.4996,1.628
4:49:08,3.26,0.5,1.63
4:49:18,3.26,0.4999,1.629
4:49:28,3.26,0.5002,1.63
4:49:38,3.26,0.4999,1.629
4:49:48,3.25,0.5001,1.625
4:49:58,3.26,0.5,1.63
4:50:09,3.26,0.5,1.63
4:50:19,3.25,0.5001,1.625
4:50:29,3.25,0.4999,1.624
4:50:39,3.25,0.4996,1.623
4:50:49,3.25,0.5006,1.626
4:50:59,3.25,0.5004,1.626
4:51:09,3.25,0.4999,1.624
4:51:19,3.25,0.4999,1.624
4:51:30,3.25,0.4992,1.622
4:51:40,3.24,0.4999,1.619
4:51:50,3.24,0.5,1.62
4:52:00,3.24,0.5,1.62
4:52:10,3.24,0.4999,1.619
4:52:20,3.24,0.4999,1.619
4:52:30,3.24,0.4998,1.619
4:52:40,3.24,0.4999,1.619
4:52:51,3.24,0.4998,1.619
4:53:01,3.24,0.5,1.62
4:53:11,3.23,0.5001,1.615
4:53:21,3.23,0.5,1.615
4:53:31,3.23,0.5,1.615
4:53:41,3.23,0.4998,1.614
4:53:51,3.23,0.5003,1.615
4:54:01,3.23,0.4993,1.612
4:54:12,3.23,0.4999,1.614
4:54:22,3.23,0.4995,1.613
4:54:32,3.22,0.5,1.61
4:54:42,3.22,0.4998,1.609
4:54:52,3.22,0.4998,1.609
4:55:02,3.22,0.4994,1.608
4:55:12,3.22,0.5004,1.611
4:55:22,3.22,0.5002,1.61
4:55:33,3.22,0.5,1.61
4:55:43,3.22,0.5002,1.61
4:55:53,3.21,0.4999,1.604
4:56:03,3.21,0.4998,1.604
4:56:13,3.21,0.4999,1.604
4:56:23,3.21,0.5004,1.606
4:56:33,3.21,0.5,1.605
4:56:43,3.21,0.5002,1.605
4:56:54,3.21,0.5,1.605
4:57:04,3.2,0.5001,1.6
4:57:14,3.2,0.5001,1.6
4:57:24,3.2,0.4998,1.599
4:57:34,3.2,0.5002,1.6
4:57:44,3.2,0.5,1.6
4:57:54,3.19,0.5002,1.595
4:58:04,3.19,0.5001,1.595
4:58:15,3.19,0.4999,1.594
4:58:25,3.19,0.5003,1.595
4:58:35,3.19,0.4999,1.594
4:58:45,3.19,0.5,1.595
4:58:55,3.19,0.5,1.595
4:59:05,3.18,0.5,1.59
4:59:15,3.18,0.4999,1.589
4:59:25,3.18,0.5,1.59
4:59:36,3.18,0.5,1.59
4:59:46,3.18,0.5003,1.59
4:59:56,3.17,0.4992,1.582
5:00:06,3.17,0.4999,1.584
5:00:16,3.17,0.5,1.585
5:00:26,3.17,0.4995,1.583
5:00:36,3.17,0.4999,1.584
5:00:47,3.16,0.4996,1.578
5:00:57,3.16,0.5,1.58
5:01:07,3.16,0.4997,1.579
5:01:17,3.16,0.4997,1.579
5:01:27,3.15,0.5005,1.576
5:01:37,3.15,0.4998,1.574
5:01:47,3.15,0.4999,1.574
5:01:57,3.15,0.4997,1.574
5:02:08,3.15,0.4999,1.574
5:02:18,3.15,0.5001,1.575
5:02:28,3.14,0.5,1.57
5:02:38,3.14,0.5003,1.57
5:02:48,3.14,0.5002,1.57
5:02:58,3.14,0.5,1.57
5:03:08,3.13,0.4998,1.564
5:03:18,3.13,0.5003,1.565
5:03:29,3.13,0.4999,1.564
5:03:39,3.12,0.5004,1.561
5:03:49,3.12,0.4997,1.559
5:03:59,3.12,0.4993,1.557
5:04:09,3.12,0.4995,1.558
5:04:19,3.11,0.4998,1.554
5:04:29,3.11,0.5001,1.555
5:04:39,3.11,0.4999,1.554
5:04:50,3.1,0.5002,1.55
5:05:00,3.1,0.5,1.55
5:05:10,3.1,0.4998,1.549
5:05:20,3.09,0.5,1.545
5:05:30,3.09,0.4998,1.544
5:05:40,3.08,0.5004,1.541
5:05:50,3.08,0.5002,1.54
5:06:00,3.08,0.5,1.54
5:06:11,3.07,0.4999,1.534
5:06:21,3.07,0.5,1.535
5:06:31,3.07,0.4991,1.532
5:06:41,3.06,0.5004,1.531
5:06:51,3.06,0.5,1.53
5:07:01,3.05,0.5,1.525
5:07:11,3.05,0.4996,1.523
5:07:21,3.04,0.4998,1.519
5:07:32,3.04,0.4997,1.519
5:07:42,3.04,0.5001,1.52
5:07:52,3.03,0.4999,1.514
5:08:02,3.03,0.5004,1.516
5:08:12,3.02,0.5002,1.51
5:08:22,3.02,0.4992,1.507
5:08:32,3.01,0.5001,1.505
5:08:42,3.01,0.5,1.505
5:08:53,3.0,0.4997,1.499
5:09:03,3.45,0.0,0.0
